city,country,latitude,longitude,Temperature (F),Humidity (%),Cloudiness (%),Wind Speed (mph),city ID
tuatapere,nz,-45.78089975455679,161.58797249909827,,,,,2180815
rikitea,pf,-15.553911381527385,-120.93154398569948,,,,,4030556
atuona,pf,-14.26464624319054,-136.89119190657044,,,,,4020109
soure,br,-0.624670495745363,-48.94737417100086,,,,,3387204
hobart,au,-85.01199771759315,143.2835279573597,,,,,2163355
whitehorse,ca,60.49755785163788,-132.44790227342315,,,,,6180550
tuktoyaktuk,ca,84.05952034580844,-120.04463844940956,,,,,6170031
punta arenas,cl,-54.73685915644069,-85.02734597579777,,,,,3874787
quatre cocos,mu,-18.26518375275772,63.78029921448092,,,,,1106643
catende,br,-8.66835899726479,-35.76777471334333,,,,,3402528
saint-philippe,re,-68.94454254840485,75.012481269468,,,,,6690301
mount gambier,au,-50.970234927003155,132.83143961074592,,,,,7839440
boyolangu,id,-15.67070914895666,110.34362937513077,,,,,1648082
puerto ayora,ec,-18.65421834345446,-104.82111597029802,,,,,3652764
hasaki,jp,28.69429054770943,159.12983492892857,,,,,2112802
svetlogorsk,ru,66.73828955381154,93.41601325976876,,,,,1490516
batemans bay,au,-39.72456703497036,154.65503881782712,,,,,2176639
kushiro,jp,41.14366939520599,143.9263602017894,,,,,2129376
adrar,dz,29.241346233882183,2.5978505547027453,,,,,2508813
vaini,to,-42.78231941131516,-178.05257771275626,,,,,4032243
kapaa,us,38.46133688477968,-176.06532611463382,,,,,5848280
port alfred,za,-64.92772145768049,37.209363908504656,,,,,964432
kuna,us,43.035943170433455,-116.61968405045269,,,,,5597955
stockbridge,us,33.449477038969675,-84.18294590380478,,,,,4224681
taoudenni,ml,25.317249295052335,-4.692124105690596,,,,,2450173
mahibadhoo,mv,3.4410301287947647,71.87020111388767,,,,,1337605
arraial do cabo,br,-48.51145465589441,-23.463870667338824,,,,,3471451
albany,au,-75.42002811044556,109.23786110707806,,,,,7839657
axim,gh,-4.822741059121839,-2.241893907111148,,,,,2303611
asnaes,dk,56.363670411161706,11.460664096012323,,,,,2624521
khatanga,ru,87.43726215390177,99.41162276058355,,,,,2022572
lompoc,us,21.740748008179835,-128.7516801404821,,,,,5367788
araguaina,br,-7.683169480847027,-48.015498735887235,,,,,3407357
norman wells,ca,74.40516279146797,-123.88525912325414,,,,,6089245
boundiali,ci,9.7294966915657,-6.673029809562024,,,,,2290836
narsaq,gl,89.92395750390764,-64.1593631681682,,,,,3421719
avarua,ck,-15.659937765976963,-162.3056226845326,,,,,4035715
busselton,au,-38.132421244923094,88.43793714203645,,,,,7839477
balikpapan,id,-2.583519032352868,117.17075324886991,,,,,1650527
kavieng,pg,9.438192549076206,153.52161546460678,,,,,2094342
nome,us,68.38941222144501,-162.07442893988446,,,,,5870133
antofagasta,cl,-24.4421562382216,-70.2038204525218,,,,,3899539
bluff,nz,-76.20778281827806,167.1833913959096,,,,,2206939
beringovskiy,ru,62.15801087283759,179.55112627130472,,,,,2126710
araouane,ml,19.576921674599816,-2.02761539798729,,,,,2460954
butaritari,ki,11.178830255337147,164.4268848666137,,,,,7521588
ilheus,br,-14.689705862245276,-38.80096076484267,,,,,3461408
qaanaaq,gl,75.71316745013758,-88.12563849959834,,,,,3831208
cape town,za,-55.96100565069068,-8.590629342382528,,,,,3369157
thompson,ca,79.66199048715544,-96.92387496424277,,,,,6165406
morales,gt,15.361476761711728,-88.86623728460185,,,,,3592362
barrow,us,85.17462851801702,-160.3344106437238,,,,,5880054
castro,cl,-43.380642096745355,-79.92428965989644,,,,,3896218
eganville,ca,45.6356253946669,-76.941851247732,,,,,5947035
skjervoy,no,70.17804140076669,21.249436972194133,,,,,777682
qaqortoq,gl,63.788054881090744,-45.31935074640782,,,,,3420846
sayyan,ye,16.70011780479112,48.29218198634746,,,,,70979
kimbe,pg,-4.173718176484442,148.59225983269926,,,,,2093967
provideniya,ru,50.91998656211078,-171.50398117873544,,,,,4031574
pevek,ru,88.36186773227777,164.83340049905235,,,,,2122090
batagay-alyta,ru,67.31829871528234,127.95312228071617,,,,,2027042
ushuaia,ar,-81.01243370760565,-23.88939580966914,,,,,3833367
abapo,bo,-18.910755363804654,-62.60951503332389,,,,,3924668
solwezi,zm,-12.475357421515241,26.63791840051576,,,,,897045
menemen,tr,38.67396785734721,27.160851473967483,,,,,304612
tocopilla,cl,-22.2564818455443,-72.86258011212433,,,,,3869716
rocha,uy,-41.38681321056599,-47.53862724017898,,,,,3440777
katherine,au,-16.838663608748575,133.2270591603621,,,,,7839404
vestmannaeyjar,is,57.44609498057258,-20.014910290814356,,,,,3412093
vila franca do campo,pt,43.01017096016017,-20.759017533929864,,,,,8010690
bethel,us,44.68983072007143,-168.55813552205484,,,,,4182260
maua,ke,0.12211489847474866,38.207168032919355,,,,,187231
tiksi,ru,85.01234763459499,125.72883524008711,,,,,2015306
ust-nera,ru,64.46356538444797,139.57936955195578,,,,,2120048
jamestown,sh,-15.609615553479003,-3.8451915245045427,,,,,3370903
nelson bay,au,-34.77206844131096,153.78636156857834,,,,,2155562
lima,pe,-16.220071393431013,-84.90252104490659,,,,,3936456
waitati,nz,-45.21938894006865,170.90635856012148,,,,,2179825
takoradi,gh,1.6000700773440713,-0.7203146132178802,,,,,2294915
pangoa,pe,-11.676694226110214,-73.03418175753767,,,,,3933104
charagua,bo,-19.276238975513436,-63.15444959034626,,,,,3921141
namatanai,pg,-0.12230350161989634,157.36829058935848,,,,,2090021
vila velha,br,-28.362427186446048,-24.46920588263805,,,,,3445026
clyde river,ca,73.89671259653164,-63.33186376755579,,,,,5924351
luderitz,na,-34.01469785750825,3.629393997863417,,,,,3355672
port macquarie,au,-34.09413779178745,159.79787768634486,,,,,2152659
puerto escondido,mx,6.046595838095996,-100.8154278520541,,,,,3520994
hermanus,za,-77.24654793378193,12.034716016653505,,,,,3366880
margate,za,-34.28608053934695,34.018275644032514,,,,,978895
georgetown,sh,-13.43992811979335,-15.552140105184577,,,,,2411397
port hardy,ca,41.517458371345725,-140.26143486871524,,,,,6111862
buriti bravo,br,-5.98619190376229,-43.84157593374937,,,,,3404722
brae,gb,65.53991126150018,0.4500321683211439,,,,,2654970
mirador,br,-6.498278270823732,-44.64034297154868,,,,,3394813
fortuna,us,37.45281704787172,-143.3124310986622,,,,,5563839
husavik,is,77.77751476858396,-7.302670095371639,,,,,2629833
sorong,id,-1.1083376582777191,130.6061742029812,,,,,1626542
san cristobal,ec,1.325882685293081,-85.91581460930091,,,,,3651949
alta floresta,br,-10.985679780968482,-55.92426712420202,,,,,6323793
puerto baquerizo moreno,ec,2.3491328381185923,-87.97571041102341,,,,,3652758
lorengau,pg,-0.2866468840660872,146.81363046673084,,,,,2092164
sao felix do xingu,br,-7.18418746687027,-52.30312241846073,,,,,3388847
katsuura,jp,19.802890773057428,152.09805503801715,,,,,2112309
paamiut,gl,61.53846603963788,-50.34218652872585,,,,,3421193
ostrovnoy,ru,71.55009642370149,38.830454932456206,,,,,556268
anito,ph,16.160534850613047,129.6930328778314,,,,,1730622
sokolo,ml,15.020829781345412,-5.561005372967742,,,,,2450849
dikson,ru,75.1519474522934,73.06746079375645,,,,,1507390
deputatskiy,ru,67.11774514948709,140.2440836974405,,,,,2028164
palana,ru,58.809948141408,160.67919414128318,,,,,2122262
les escoumins,ca,48.293086791612865,-69.84121050309827,,,,,6955478
leshukonskoye,ru,66.57799963429869,47.28588687452057,,,,,535839
bandarbeyla,so,8.446919617059237,61.1024131071695,,,,,64814
dalianwan,cn,39.05302649700013,121.60725078990754,,,,,1921372
bardiyah,ly,32.53925335830442,26.05675478703398,,,,,80509
waounde,sn,15.266965696920636,-12.518170646963682,,,,,2247044
toronto,ca,43.747576890680136,-79.27709610874605,,,,,6167865
victoria,sc,-10.229447049637074,57.9927360951487,,,,,241131
ancud,cl,-41.13444440579593,-90.0279777332533,,,,,3899695
cidreira,br,-59.74760954807074,-20.243623161250724,,,,,3466165
livingstone,zm,-17.357324672447803,25.931832419519196,,,,,910111
tamale,gh,9.42535480146195,-1.773705082524316,,,,,2294877
darab,ir,29.450249671406496,54.60525069559438,,,,,137956
ribeira grande,pt,33.73204791468008,-37.9853025080763,,,,,8010689
lazaro cardenas,mx,1.6869771645504699,-110.52453912877063,,,,,4026082
potsdam,us,44.69889310599163,-74.7635950908748,,,,,5132103
hobyo,so,0.35167172329552443,51.578328377284464,,,,,57000
kodiak,us,54.68706804600879,-153.66565091287586,,,,,5866583
esperance,au,-45.697762715285876,124.9209010979082,,,,,2071860
carman,ca,49.7633730518109,-98.5176320973539,,,,,5917275
myingyan,mm,21.43420387874947,95.66895212740923,,,,,1307835
ponta do sol,cv,21.33056137034761,-28.815227334652263,,,,,3374346
port blair,in,11.860232994827825,94.94566844520563,,,,,1259385
georgetown,vc,13.491444679967302,-61.034441751216775,,,,,3577900
santa maria,cv,16.873158414971442,-20.665023730275635,,,,,3374218
saskylakh,ru,89.90087934348034,115.75644567464815,,,,,2017155
grand gaube,mu,-13.823137425222214,68.33598179566488,,,,,934479
mar del plata,ar,-51.72646534445527,-49.06724191631105,,,,,3430863
severo-kurilsk,ru,36.36138665030623,166.04474576529753,,,,,2121385
derzhavinsk,kz,49.2747148648418,63.749634170914476,,,,,1524606
knysna,za,-36.03067443412126,22.678215139415045,,,,,988698
port hawkesbury,ca,41.10005139761196,-59.67335668387456,,,,,6111867
coxim,br,-17.570493296786054,-55.09543699701288,,,,,3465228
dori,bf,14.042679838458596,-0.21926803902005076,,,,,2361082
yellowknife,ca,76.63173093306989,-111.01008721599314,,,,,6185377
shimoda,jp,21.97418155804003,143.81851654315335,,,,,1852357
namibe,ao,-17.043033827301855,11.797616860328759,,,,,3347019
klaksvik,fo,75.98867514222283,-0.8136159989076646,,,,,2618795
gloversville,us,43.04586194852146,-74.60569271271109,,,,,5118743
macau,br,-4.877124229966469,-36.32445440678683,,,,,3395998
kibre mengist,et,5.880260775487557,39.547517406188945,,,,,333103
baykit,ru,59.97082187843114,96.11671020808308,,,,,1510689
cherskiy,ru,77.53286514437235,158.0506443974346,,,,,2126199
alofi,nu,-18.897890263055032,-165.26277275486024,,,,,4036284
mahebourg,mu,-40.10654486505421,77.15196712980321,,,,,934322
pingliang,cn,36.18313572483312,106.93704667490692,,,,,1798760
todos santos,mx,23.046791507990733,-110.81400427289506,,,,,3981432
coihaique,cl,-48.4270252734531,-80.35869103279673,,,,,3894426
fort nelson,ca,63.76156526699816,-121.109008901636,,,,,5955902
la ronge,ca,56.11685364163179,-107.12624200560472,,,,,6050066
salalah,om,18.05190804174525,55.78377106978948,,,,,286621
saldanha,za,-35.42308191671406,12.358025328802881,,,,,3361934
bambous virieux,mu,-32.7794282052364,75.36094992512378,,,,,1106677
nador,ma,33.64477296708816,-2.5213032111018663,,,,,2541472
kutum,sd,19.732011884750122,24.906800956553866,,,,,371745
comodoro rivadavia,ar,-47.88083161659095,-64.18052075096821,,,,,3860443
portland,au,-49.515172970599885,136.59773705831623,,,,,2152667
upernavik,gl,83.75596482789149,-48.93392869780553,,,,,3418910
mackay,au,-20.41295251446857,151.98743888806746,,,,,7839593
yerbogachen,ru,62.88675893487152,107.0327278838597,,,,,2012956
carballo,es,44.63146921381659,-9.465009586994086,,,,,6357289
puerto narino,co,-2.8540778347939835,-70.41586586717439,,,,,3671387
bengkulu,id,-14.045597922845701,86.82021318591978,,,,,1649150
le port,re,-19.13752147535395,52.91488286166867,,,,,935616
ambilobe,mg,-9.540880500499341,48.96928707576171,,,,,1082243
great falls,us,48.51716380809353,-110.82592182176818,,,,,5655240
manokwari,id,-1.250987543142017,134.75898912037627,,,,,1636308
nyaunglebin,mm,18.12368019450834,97.49203272850565,,,,,1303406
east london,za,-64.12461659469679,48.54156151224828,,,,,1006984
veinticinco de mayo,ar,-35.61002615896263,-60.13254816555536,,,,,3427537
leningradskiy,ru,81.39350293357984,176.7184575337281,,,,,2123814
pacific grove,us,29.536609242248062,-133.6579988771561,,,,,5380437
anzio,it,40.128679755442704,12.208308087201743,,,,,6542092
port lincoln,au,-38.71460896320133,134.60663373217488,,,,,7839452
sydney,au,-35.14372065343578,153.58903305083584,,,,,2147714
steinfurt,de,52.17111096420865,7.399736738907507,,,,,2828105
hithadhoo,mv,-19.063365018014125,84.91874488065127,,,,,1282256
bilma,ne,21.06747773092431,12.262020543644155,,,,,2446796
xinqing,cn,48.847035090855314,129.03390331773755,,,,,2033667
mongoumba,cf,2.8114275765084074,17.97395527059794,,,,,2384377
east wenatchee bench,us,48.20947759426409,-120.16448333298663,,,,,5793272
vardo,no,73.94394573917285,32.391342067872245,,,,,777019
kadayanallur,in,9.101695711592413,77.35701703642599,,,,,1268707
newport,us,44.5253154919279,-127.57292166910213,,,,,4302529
torbay,ca,45.53527458808995,-48.75671657048633,,,,,6167817
rivadavia,ar,-33.53044236987615,-68.08457465711257,,,,,3838759
pisco,pe,-18.929416609481507,-82.36011962729438,,,,,3932145
souillac,mu,-54.58572412959923,76.09123333487975,,,,,933995
tchibanga,ga,-2.8866097032290696,11.436410734302314,,,,,2396253
chickasha,us,35.09691775933109,-98.32867185677925,,,,,4533029
aquiraz,br,0.2616871512871626,-34.99692871615963,,,,,3407407
fairbanks,us,67.83473766507825,-142.5839301936379,,,,,5861897
hambantota,lk,5.947487389219859,81.96854976640805,,,,,1244926
paidha,ug,2.381017841472584,31.051925578102555,,,,,226853
ugento,it,39.76961003915005,18.23142737965017,,,,,2522833
bokoro,td,12.783111790132835,17.15648661850102,,,,,2434985
mpongwe,zm,-13.89708615597253,28.113450527366894,,,,,905789
lebu,cl,-28.85776362929446,-93.19900066925699,,,,,3883457
fort dodge,us,42.28271898571339,-94.11870020207108,,,,,4857486
hidalgotitlan,mx,17.401337045113124,-94.280123520657,,,,,3527113
bredasdorp,za,-66.30523139643799,20.786988305040097,,,,,1015776
jagannathpur,in,22.278089748696885,85.80055026725768,,,,,1269592
roebourne,au,-21.366349225590767,117.92242374600005,,,,,7839634
malartic,ca,48.006130795835645,-78.24238371109544,,,,,6064704
viedma,ar,-46.99051152717576,-57.25459365809367,,,,,3832899
hazorasp,uz,41.271058326266,60.6525664831951,,,,,1513957
pangnirtung,ca,66.71993348009471,-61.37445803662294,,,,,6096551
jijiga,et,7.536587761196429,43.45608596281551,,,,,333795
college,us,73.77870019778533,-148.09243789760097,,,,,5859699
chuy,uy,-42.70618326957637,-43.06092799926353,,,,,3443061
lucapa,ao,-8.534278232274787,21.296477151729164,,,,,145724
chokurdakh,ru,71.5554929361314,150.37738912756333,,,,,2126123
nyurba,ru,65.01573210530907,119.03700889374545,,,,,2018735
lagoa,pt,49.894581610002916,-24.53432938989289,,,,,8010517
fayaoue,nc,-19.803926861019946,166.636123511763,,,,,2141305
tazovskiy,ru,68.33073256072842,80.21927545807102,,,,,1489853
eau claire,us,44.70778034009271,-91.60429775933291,,,,,5251436
kaeo,nz,-31.50955925596351,175.45377432597707,,,,,2189343
iqaluit,ca,64.27612534330493,-78.15335146470231,,,,,5983720
marhaura,in,25.886948262568154,84.79290137186035,,,,,1263528
manicore,br,-6.785548104351136,-61.60422765730351,,,,,3663503
vigrestad,no,56.98209998769261,5.044315549662741,,,,,3131824
bathsheba,bb,13.40611117866942,-51.43788105943415,,,,,3374083
alice springs,au,-20.78688830997426,130.57499374627866,,,,,7839681
storebo,no,59.992801024297535,5.161788673834195,,,,,3136618
khromtau,kz,49.41757347866496,59.089616299501074,,,,,609404
kindersley,ca,51.24828871428508,-109.20296415690657,,,,,5992154
kahului,us,36.451260497416314,-143.91634881876288,,,,,5847411
mayya,ru,61.17898420312369,130.89067926182486,,,,,2020121
si satchanalai,th,17.737223485077863,99.76568878916578,,,,,1150624
barra do bugres,br,-15.211372939326452,-57.66124701652336,,,,,3470718
khambhat,in,22.208108139777465,72.47784766981158,,,,,1267090
new norfolk,au,-62.78146012762176,128.57534631570968,,,,,2155415
diffa,ne,15.051991541577962,12.273502081789957,,,,,2445702
port elizabeth,za,-89.43216642961875,33.220696993131924,,,,,964420
taseyevo,ru,57.18655000965089,94.5984393602987,,,,,1490058
marica,br,-24.068274803119394,-42.87787226269387,,,,,3457708
shibganj,bd,24.822103417805224,88.13295551388325,,,,,1185108
mwinilunga,zm,-11.563802171247275,24.86275581822656,,,,,902620
mackenzie,ca,57.40827002941191,-125.1515401201228,,,,,6063191
tautira,pf,-17.71802975762627,-146.37690175552677,,,,,4033557
kabansk,ru,51.94431684774514,106.6735096446501,,,,,2023350
mizan teferi,et,6.527398308814426,34.41046470323977,,,,,330534
new ulm,us,44.17148864788547,-94.51532324973842,,,,,5039173
samarai,pg,-9.981962530355872,151.5443571320788,,,,,2132606
sao filipe,cv,11.632807153748544,-30.46478819658134,,,,,3374210
nizwa,om,20.37309084230479,55.63141550268628,,,,,286987
sitka,us,47.77902494797658,-137.74780182502982,,,,,5557293
jinka,et,4.263681099669796,36.82727267236862,,,,,333750
ust-kut,ru,57.84714720411614,105.91181114262395,,,,,2013923
anadyr,ru,60.745899556599056,173.57091785663658,,,,,2127202
najran,sa,19.108084999313803,47.82321332063134,,,,,103630
senneterre,ca,47.36728484674197,-76.7476741602514,,,,,6144197
pathein,mm,16.680254736430257,91.6506679874152,,,,,1328421
quelimane,mz,-18.616911768839728,38.12144788156894,,,,,1028434
naze,jp,26.35496859122064,134.02420441440808,,,,,1855540
bonavista,ca,50.021175919157486,-51.80419643143617,,,,,5905393
nyagan,ru,61.07069153216085,65.51833870580933,,,,,1496476
hilo,us,9.608871816314092,-143.98659481851308,,,,,5855927
tingo maria,pe,-8.92911733660678,-76.2936125527347,,,,,3691348
kenai,us,61.96215696736593,-155.7119257614022,,,,,5866063
gazanjyk,tm,39.75329767861484,56.31199582258162,,,,,161974
nhulunbuy,au,-11.702867389616713,138.95598295823675,,,,,2064735
monrovia,lr,5.6051323986681325,-10.87352465134822,,,,,2274895
aklavik,ca,68.30764042946797,-136.4794177541355,,,,,5882953
westport,nz,-38.883188319444436,166.853171669378,,,,,2206900
hofn,is,74.22941125134213,-8.361744470522126,,,,,2630299
lubango,ao,-15.48961782102262,13.434394103669263,,,,,3347762
san carlos,bo,-17.367283798134594,-64.08053286485786,,,,,3905775
northam,au,-28.625982675579948,120.61008317289276,,,,,7839624
kanniyakumari,in,6.863029645240857,77.46197962234493,,,,,1268008
mayumba,ga,-8.78843967634657,4.122786077621413,,,,,2399001
sorland,no,73.88301954411125,2.8945268972863687,,,,,3137469
sharlyk,ru,52.71674410613795,55.05996603267391,,,,,495670
flinders,au,-31.71861768353066,128.72111129551354,,,,,2166453
buchanan,lr,2.544468919661341,-12.091094857419023,,,,,2278158
yarada,in,12.938759564572948,86.48212224566339,,,,,1252783
strelka,ru,58.22631856219189,93.12640997682456,,,,,487246
rockport,us,27.05114506392114,-95.82609893533804,,,,,4263848
jinchang,cn,38.376479677697716,101.45908758692553,,,,,1805733
coleraine,gb,54.76794490953105,-6.717765885542235,,,,,2652586
tasiilaq,gl,60.129685885163326,-37.8411583952865,,,,,3424607
andenes,no,72.76784590973188,15.201941875355573,,,,,3163146
tanout,ne,16.209364078462514,9.884820928015898,,,,,2439155
beira,mz,-21.704042945512228,35.01517646981702,,,,,1052373
umm lajj,sa,26.50820155741812,37.21871343009775,,,,,100926
myitkyina,mm,26.10679888320429,97.42021545378162,,,,,1307741
yar-sale,ru,74.2605376200842,71.84960139811287,,,,,1486321
aksu,cn,42.005155148617405,80.6772601058081,,,,,1529660
djougou,bj,9.619201425260698,1.6253042886199864,,,,,2394560
buala,sb,0.519462340076231,163.0924774115516,,,,,2109528
carnarvon,au,-24.546382135727598,110.84702301277571,,,,,2074865
san isidro,ph,7.026628833142027,126.79819237482428,,,,,1689635
cabo san lucas,mx,17.978335371883702,-111.19738030110243,,,,,3985710
athens,us,35.74065104470503,-84.60905234555858,,,,,4505542
durban,za,-30.770727777242733,32.160614266453365,,,,,1007311
roma,au,-28.760670065635658,145.93055245871972,,,,,2151187
kirakira,sb,-8.497027512203488,163.8507003502442,,,,,2178753
hohhot,cn,42.015796747498854,111.02606173358464,,,,,2036892
togur,ru,59.310707218835034,83.11516804404795,,,,,1489499
baherden,tm,39.170682408206574,58.1113919447497,,,,,162158
gambela,et,6.895270754922407,32.868878777659205,,,,,337405
faanui,pf,-6.208534153200631,-159.6164694894749,,,,,4034551
zimovniki,ru,47.221422049583026,42.471719389534854,,,,,462522
touros,br,1.0040156417398833,-26.40141742207055,,,,,3386213
villanueva,co,5.253229317111334,-71.87449795134248,,,,,3665934
mandalgovi,mn,42.832659072656924,106.06215842315044,,,,,2030065
los llanos de aridane,es,31.537036233570674,-22.49539017614927,,,,,2514651
luganville,vu,-14.648079285088059,163.91318604648808,,,,,2136150
calama,cl,-22.392230648750825,-68.52649646507834,,,,,3897347
sioux lookout,ca,52.76063093109863,-92.40459710773989,,,,,6148373
sao joao da barra,br,-31.351345731662313,-23.633942672771752,,,,,3448903
sharjah,ae,25.23890032178771,55.86826939039108,,,,,292672
zhigansk,ru,68.33045639711304,125.10274213711176,,,,,2012530
uk,ru,54.70703556140546,98.27726403040936,,,,,1488616
isangel,vu,-22.057132763392175,179.5606219948819,,,,,2136825
christchurch,nz,-46.064928158287586,175.4067343436683,,,,,2192362
sibu,my,2.0437665632589983,111.48679493004352,,,,,1735902
toora-khem,ru,53.646677359130564,97.26634388952937,,,,,1489401
kinsale,ie,49.86041072742057,-8.10899934175572,,,,,2963155
longyearbyen,sj,89.28352708160642,25.841727328757003,,,,,2729907
price,us,39.31392779420901,-110.5565675297618,,,,,5545269
pokhara,np,28.590487935613822,84.3991413593834,,,,,1282898
ilulissat,gl,87.51601237315921,-40.576631113330876,,,,,3423146
kysyl-syr,ru,61.66010364570266,123.33990783066963,,,,,2021017
surt,ly,31.270211098762246,16.471976534792617,,,,,2210554
cabedelo,br,-6.8958550394062,-33.51784675322125,,,,,3404558
necochea,ar,-41.139556683014014,-59.150008746680356,,,,,3430443
hun,ly,27.446169447870062,16.267598473097763,,,,,2216645
colon,pa,10.503256164856651,-80.60262401273914,,,,,3712076
nouadhibou,mr,23.344155163045826,-22.448679731428598,,,,,2377457
arman,ru,59.42559892659321,149.98608098138743,,,,,2127060
jesup,us,31.881532000469804,-81.96874742984076,,,,,4202810
kalmunai,lk,6.839906631353784,88.22095081956269,,,,,1242110
suluq,ly,31.269146305597488,19.413275522505245,,,,,81604
jackson,us,43.47377835742077,-110.46392451117295,,,,,4241691
tecoanapa,mx,8.2216334448934,-101.4401082814399,,,,,3516171
manassas,us,38.612673467153684,-77.53788728882586,,,,,4771401
chumikan,ru,54.96372902559514,134.87044851773862,,,,,2025256
ayr,au,-17.71344526455904,148.61214296561434,,,,,2177413
cumana,ve,11.061876194349082,-64.85206968094562,,,,,3644768
san policarpo,ph,12.593851629708965,127.22816384196739,,,,,1688696
kananga,cd,-5.9534775989073125,22.375816327074915,,,,,214481
arlit,ne,18.489821986250945,9.307483540776047,,,,,2447513
baiyin,cn,36.244777635867806,105.44060477565262,,,,,1817240
camocim,br,5.506666000609556,-40.66717009421981,,,,,3403687
trinidad,us,37.47055449738792,-103.72190071372893,,,,,5442007
griffith,au,-31.37958856106698,145.45178422749842,,,,,7839723
burns lake,ca,53.40158160466342,-125.58314603942225,,,,,5911745
del rio,us,30.408356475241476,-100.82805626037823,,,,,5520076
fountain,us,38.67263174524973,-103.89699336515892,,,,,5422191
mehamn,no,76.23049814471275,27.137465494696784,,,,,778707
oxbow,ca,49.36577602245498,-102.11863067960459,,,,,6095751
saint george,bm,34.37625261403002,-57.69001841254773,,,,,3573062
rosetta,eg,31.645798490312842,30.838959026639287,,,,,350203
lusambo,cd,-4.564926001161112,24.681609864792534,,,,,210379
manavalakurichi,in,5.362364362773434,76.31825136017483,,,,,1263942
nanortalik,gl,52.31912095832723,-41.1957785518845,,,,,3421765
coquimbo,cl,-29.416898234925227,-84.84072778031586,,,,,3893629
inirida,co,3.0699430634861216,-66.37607000916597,,,,,3671450
batsfjord,no,70.70438285843562,29.76006011578542,,,,,780717
bitung,id,3.2515791722802305,125.78386988596537,,,,,1648636
constitucion,cl,-32.098090230591225,-78.68799894511477,,,,,3893726
chissamba,ao,-13.111253445013702,17.64125356070889,,,,,3349580
meulaboh,id,-6.771349495119637,87.62754308544498,,,,,1214488
adra,es,36.5666289660045,-3.0703572135615786,,,,,2522430
sanawad,in,22.133233054037504,76.15527539829623,,,,,1257481
auki,sb,-6.489261853141812,164.06116599778795,,,,,2109701
baoqing,cn,46.21492775827204,132.47742880303048,,,,,2038446
buenos aires,cr,7.766549029296797,-84.27724443695851,,,,,3624593
palatka,ru,60.79000374766329,150.66595374189853,,,,,2122256
sacramento,br,-19.664480681521553,-47.24359729746874,,,,,3450759
roura,gf,3.9592173778035544,-52.855949138644334,,,,,6690702
hulan,cn,46.287664859595594,126.75320374288219,,,,,2036671
ouadda,cf,9.187918793858913,21.952999342234705,,,,,236901
huilong,cn,32.23570081311887,124.73274550727137,,,,,1806840
palmerston,au,-12.923005562186944,130.1043755181081,,,,,7839407
sena madureira,br,-7.99115447721384,-68.5474621792061,,,,,3662155
gryfice,pl,54.02942465760006,15.062890542176945,,,,,3098201
timra,se,64.0680278095945,17.106032546593326,,,,,2669047
owando,cg,-0.773609900420098,16.67555840961623,,,,,2255542
vangaindrano,mg,-24.445473533954527,48.89492457270893,,,,,1054329
maravatio,mx,20.12128657281876,-101.04401548496324,,,,,3996626
novoukrayinka,ua,48.35671569479658,31.529464799333056,,,,,699078
saint-francois,gp,16.347021906781748,-59.38709738836806,,,,,3578441
kachiry,kz,53.26281179156365,76.69226264103503,,,,,1523662
launceston,au,-41.011335904605374,151.17580767010622,,,,,7839678
mitsamiouli,km,-9.12430003200538,43.01128455335399,,,,,921786
neryungri,ru,56.94262664903724,124.01625543944033,,,,,2019309
changji,cn,45.44605279681255,87.3048694433553,,,,,1529569
tevaitoa,pf,-17.262982713133525,-151.99295766177858,,,,,4033375
stawell,au,-36.76866292000314,142.72605022932026,,,,,2148431
oistins,bb,11.630307561921597,-59.31168311333413,,,,,3373652
caraballeda,ve,10.990620267059612,-66.45992579031783,,,,,3646767
labuhan,id,-18.190080631104692,94.73106139336619,,,,,8079926
broome,au,-23.922050344169477,124.09188844732779,,,,,7839347
taltal,cl,-25.478819443084973,-77.1930537835395,,,,,3870243
port hedland,au,-17.175561998908833,118.8813427696814,,,,,7839630
mahanje,tz,-9.559557667515577,35.36744400223307,,,,,155285
rajpipla,in,21.880540211592674,73.73341384109861,,,,,1258819
opuwo,na,-19.32764437647546,8.560795303517807,,,,,3354077
hirara,jp,26.590114050147264,124.1825910933369,,,,,1862505
belyy yar,ru,59.74540573071391,85.33543835803789,,,,,1510370
kununurra,au,-19.167462788274534,129.15861797852432,,,,,2068110
znamenskoye,ru,58.36447034424236,74.6234366873629,,,,,462305
grindavik,is,60.92179273949884,-22.975789771043424,,,,,3416888
erdenet,mn,48.40834605879894,104.08171723245357,,,,,2031405
agua verde,mx,22.94258987480508,-106.21473465154574,,,,,4019219
karratha,au,-19.122790722204385,116.80745687152273,,,,,6620339
lashio,mm,23.682345241962523,99.05087365988112,,,,,1314759
paracuru,br,-0.26761755654941055,-37.162314422611246,,,,,3393115
shingu,jp,26.230917488966583,138.016924770763,,,,,1852109
svetlaya,ru,46.28281026952524,138.4956037489119,,,,,2015852
zemio,cf,6.4340133643787425,25.150830584945794,,,,,235826
sekoma,bw,-24.348599608388454,24.308646912555815,,,,,933102
ponta do sol,pt,31.577394184273714,-19.956337971871335,,,,,2264557
ramapuram,in,13.198043475526347,79.24284666821586,,,,,1258726
poitiers,fr,46.15054586993057,0.43899404692291455,,,,,6445329
kungurtug,ru,48.280812835991696,97.404312225924,,,,,1501377
srednekolymsk,ru,69.4952246407482,156.37601815603261,,,,,2121025
sao jose da coroa grande,br,-10.755978917853994,-31.448422259620287,,,,,3388456
amga,ru,61.4222567267266,131.3608739542363,,,,,2027786
straumen,no,66.03325785810642,17.331353243009545,,,,,777347
tulun,ru,54.597025394579475,99.98748796662932,,,,,2014927
biloela,au,-24.44123090808077,150.82050457348083,,,,,2175819
mount isa,au,-19.562821157908672,135.60542380320976,,,,,2065594
poum,nc,-19.963596259101564,160.70316653925624,,,,,2138555
nishihara,jp,23.112233062694557,131.05010723449232,,,,,1855342
bubaque,gw,6.7122355683229955,-18.961169481542555,,,,,2374583
mitu,co,0.358664728428991,-69.41787268705096,,,,,3674676
chimore,bo,-16.688301440888168,-64.42003005386093,,,,,3920736
ixtapa,mx,6.338915457442923,-107.81063550735514,,,,,4004293
susanville,us,41.715916280643825,-119.43523021573733,,,,,5572400
kaspiyskiy,ru,44.53994947161442,48.25726435480584,,,,,551846
steinbach,ca,48.743965057860635,-96.5951116625656,,,,,6156102
uchiza,pe,-8.145721713659924,-76.15968458770638,,,,,3691094
sungaipenuh,id,-1.3133156621888133,101.83963966335136,,,,,1625929
samsun,tr,42.10613425251239,36.6822783276192,,,,,740263
tateyama,jp,28.74235041649966,141.6578995091519,,,,,1850523
lakes entrance,au,-39.07233410655178,149.19668271228068,,,,,2160735
ulaangom,mn,50.30897678532284,92.74084317190176,,,,,1515029
maragogi,br,-14.034813703203454,-28.15276616276188,,,,,3395458
omboue,ga,-4.225979057083052,6.00362308153899,,,,,2396853
poya,nc,-26.99768442599398,161.45227233613656,,,,,2138519
el sauzal,mx,32.13081474129899,-116.53429624832327,,,,,4007503
great bend,us,38.18413677756871,-98.86546525824366,,,,,4272340
shar,kz,48.72042391594553,82.03630806799077,,,,,1519275
mubi,ng,10.130865631810394,13.499987972902005,,,,,2329821
sinnamary,gf,16.06228873580315,-46.43741165819864,,,,,6690707
neiafu,to,-18.49613280885626,-172.86908141066755,,,,,4032420
atar,mr,22.56459174645613,-13.536738779952913,,,,,2381334
pagudpud,ph,19.874592514307665,120.60092050918837,,,,,1696482
danville,us,40.58559280208024,-87.5218819875553,,,,,4889426
sur,om,19.923694756341078,60.26278539808135,,,,,286245
shache,cn,37.88435927411513,77.0309047707155,,,,,1280037
datong,cn,39.91317300884501,113.66024489597737,,,,,1813451
lookan,ph,4.512475837252964,120.46153623024799,,,,,1705597
mashhad,ir,35.68520974018247,59.893868943171185,,,,,124665
tiruvallur,in,13.379155581554855,79.8722731302816,,,,,1254331
pemba,mz,-13.15495813692516,40.389034351132835,,,,,1028918
emerald,au,-24.37091741950708,146.34855575128557,,,,,2167425
khash,ir,29.433851691805074,60.49532908505955,,,,,1160571
mandurah,au,-31.971146130223538,113.19072261945234,,,,,7839601
saint-ambroise,ca,48.84841660278775,-71.2266427870746,,,,,6137384
tabou,ci,-2.712047828587089,-6.3737804867521675,,,,,2281120
yanam,in,14.097806923575959,85.26948048082613,,,,,1252795
hilton head island,us,30.985562915326284,-79.59046113393914,,,,,4581833
rock springs,us,41.39605479717537,-108.28181968283714,,,,,5836898
richards bay,za,-28.905437812040653,32.34294980677947,,,,,962367
yaring,th,7.4844217548348695,101.66656432258208,,,,,1604771
manta,ec,-0.7696331054605992,-80.81169571586346,,,,,3654410
eixo,pt,40.66901745121268,-8.53767214912537,,,,,8010748
mae hong son,th,20.088321936602895,98.51957758693607,,,,,1152222
san patricio,mx,6.062745738074739,-111.19433797455845,,,,,3985168
rostovka,ru,55.29646803023908,72.00404497397085,,,,,1493523
ardmore,us,34.050005200747165,-96.96512067299626,,,,,4529469
bambanglipuro,id,-10.740488607119445,110.05838736641084,,,,,1650434
muros,es,45.277930200377114,-15.13743785693984,,,,,6357322
daru,pg,-12.47598931359667,143.144104015342,,,,,2098329
romny,ru,50.76701200590753,129.05999061373228,,,,,2017409
san jose,gt,9.094749787960097,-92.80012655825512,,,,,3590069
vanavara,ru,61.24528171901906,103.20120452599753,,,,,2013727
ucluelet,ca,45.88316015297684,-128.15283247732017,,,,,6171633
namtsy,ru,64.01163970203191,129.0627137117549,,,,,2019488
nemuro,jp,38.21533814461989,147.52994505105562,,,,,2128975
kishtwar,in,33.284720577354406,75.73728374518456,,,,,1266475
gangtok,in,27.308172862851833,88.58666571469632,,,,,1271631
francisco beltrao,br,-26.258396969777166,-53.29451164182093,,,,,3462996
liverpool,ca,38.8080589902213,-62.73595398901119,,,,,6057856
santa lucia,es,26.664736650447864,-15.66936920384208,,,,,2511150
harper,lr,3.658052510508085,-9.416407916464635,,,,,2276492
kroya,id,-11.358692142060036,108.02212412600989,,,,,1639337
tarakan,id,2.644573765870504,118.90001896347553,,,,,1624725
son la,vn,20.85382541749759,103.82363040011023,,,,,1567681
tigzirt,dz,38.06767813403525,3.9187608872647672,,,,,2476660
padang,id,-4.792489392429374,92.14297015604564,,,,,1633419
maraa,br,-1.5382751158456927,-64.64007823991999,,,,,3663475
yulara,au,-21.16445486072668,128.08963848387612,,,,,6355222
marsh harbour,bs,29.110018266081823,-72.05934821305604,,,,,3571913
coahuayana,mx,3.12098175109665,-111.5282124072772,,,,,4025994
inhambane,mz,-28.085394463335234,38.8713058713972,,,,,1045114
batagay,ru,67.08683131873161,135.4086319904996,,,,,2027044
isla mujeres,mx,23.644040209024197,-86.41582884109518,,,,,3526756
dobrusevo,mk,41.155711718154976,21.707187981635258,,,,,791407
anastacio,br,-20.572184416634485,-55.40295229615661,,,,,3472284
jutai,br,-6.192083114578736,-68.72633553917557,,,,,3663693
okakarara,na,-20.617941707705114,18.515850145501076,,,,,3354876
la paz,bo,-16.829246595005728,-67.99645059802451,,,,,3911925
korla,cn,41.23676604557539,88.09300520980742,,,,,1529376
sterling,us,40.1643578303692,-102.0060329277952,,,,,4843650
mossendjo,cg,-3.5466198711211803,12.08049252089154,,,,,2256895
xai-xai,mz,-27.409641464654243,35.0758966705981,,,,,1024552
jimenez,mx,28.51119154396922,-105.32179718564511,,,,,4003938
santa rosa,ar,-37.40818011519294,-64.80588626116366,,,,,3428182
inverness,ca,46.38241731341566,-61.627275459092985,,,,,5983628
contamana,pe,-6.957550621678408,-73.97414965137477,,,,,3697838
halifax,ca,43.260956131130314,-62.890603287477546,,,,,6324729
beloha,mg,-31.61090165075619,40.873796310557594,,,,,1067565
am timan,td,12.08565692753605,19.998944072532396,,,,,245338
caravelas,br,-22.05794350589703,-26.658662620508238,,,,,3466980
rabo de peixe,pt,40.03076704000836,-25.053059364295734,,,,,8014682
mlonggo,id,-4.916758836628688,109.85151683399272,,,,,1635164
praia da vitoria,pt,47.26192154385683,-21.820821245498877,,,,,3372760
skibbereen,ie,48.65833181893976,-10.268102284772652,,,,,2961459
cayenne,gf,9.380487297838087,-43.01584030054772,,,,,6690689
aitape,pg,-3.381121159552535,142.04651348218664,,,,,2101169
ferkessedougou,ci,9.07953767167777,-5.179441972390691,,,,,2289049
luau,ao,-9.48255137787551,23.3210376076903,,,,,876177
rantepao,id,-2.100528559725916,119.5489085874874,,,,,1629974
sfantu gheorghe,ro,43.452584372395734,30.243561818630155,,,,,667306
neyshabur,ir,36.309825514581775,59.129921619911414,,,,,122285
ostersund,se,64.59550507079845,16.082795023490775,,,,,2685750
groningen,sr,5.383205194962272,-55.7987775329254,,,,,3384125
arrecife,es,27.585272387647223,-11.871876871587858,,,,,6360174
bukan,ir,36.49696344173152,46.15216411593735,,,,,139889
boende,cd,-1.2269792957811063,22.939877927934788,,,,,218680
sabha,ly,27.523120414362992,13.965424437867256,,,,,2212775
ko samui,th,9.758984949425084,100.23409688677214,,,,,1154689
teya,ru,61.421914106330064,88.88208543435638,,,,,1489656
aloleng,ph,15.302080815851724,114.47817153079279,,,,,1731298
salekhard,ru,65.10447182320598,67.11374324594206,,,,,1493197
ghatanji,in,20.16340188956319,78.11318276663019,,,,,1271343
seeboden,at,46.9448174495879,13.573255383958212,,,,,7872791
columbus,us,41.49267482629696,-97.45814859913698,,,,,4256038
bondoukou,ci,8.587661866534944,-2.5569871760524734,,,,,2291136
ca mau,vn,8.173982387276752,104.5611399153849,,,,,1586443
komsomolskiy,ru,67.56371410628117,173.37231285344308,,,,,545728
inta,ru,64.83213991739802,59.95070427479661,,,,,1505579
dinguiraye,gn,11.847303895309253,-10.139812088579191,,,,,2421903
lavrentiya,ru,62.63850907441346,-169.54127304528225,,,,,4031637
vao,nc,-24.822547795097407,167.10405229682425,,,,,2137773
kavaratti,in,13.28021176346391,63.27705473100639,,,,,1267390
mushie,cd,-3.5101110577480483,16.6771745970548,,,,,2312249
kloulklubed,pw,5.171972543759836,133.5707388099574,,,,,7671223
huangmei,cn,30.6157253018485,115.75857892786655,,,,,1807339
klobuck,pl,51.06010102481849,19.020204326143016,,,,,3096090
carutapera,br,7.841684495744815,-41.44621505995269,,,,,3402648
hay river,ca,64.85704821364942,-119.42585461789098,,,,,5972762
berlevag,no,86.87199288492451,32.20059909716707,,,,,780687
oktyabrskoye,ru,62.31626192439202,66.29199417533295,,,,,515805
beya,ru,53.12089495163988,90.76955540158576,,,,,1510131
makueni,ke,-2.517431640719593,38.10804558208039,,,,,188080
paita,pe,-5.296883012168223,-81.61192572598159,,,,,3694112
lisala,cd,2.6866243269038392,21.679915718262237,,,,,211734
xining,cn,35.65722460379061,99.758823118814,,,,,1788852
ovsyanka,ru,54.22967188404053,126.33066726390945,,,,,1495797
aswan,eg,21.70619228496686,30.56513232415,,,,,359792
kruisfontein,za,-35.909799788778024,24.968711470934863,,,,,986717
talnakh,ru,76.94319932747041,89.36634688112315,,,,,1490256
karlstad,se,59.70944956075269,13.304639876436823,,,,,2701680
novoagansk,ru,62.122991613044974,77.86328326715966,,,,,1497210
beruwala,lk,6.287613271338088,79.98394150681139,,,,,1249931
kisangani,cd,0.822929063359652,26.586424327200717,,,,,212730
polson,us,47.564676465567686,-114.68823009057522,,,,,5671996
vanderhoof,ca,53.71711829079382,-123.61399489864677,,,,,6173361
iquitos,pe,-1.6020643576516846,-72.76593847238676,,,,,3696183
lamu,ke,-3.4905399409947506,42.79959971355353,,,,,189741
honiara,sb,-12.826330410064827,157.06324486468844,,,,,2108502
karnobat,bg,42.55816106097046,26.876429139693954,,,,,730559
port lavaca,us,27.964467888449093,-95.86895555495244,,,,,4720067
makubetsu,jp,45.711189454608615,142.07002350086702,,,,,2129324
turinsk,ru,58.303881973020054,63.864811704151094,,,,,1488933
waipawa,nz,-42.54794120050421,178.22583592651785,,,,,2206874
te anau,nz,-45.10698396985149,158.28053450142966,,,,,2181625
guangshui,cn,31.784689395252627,113.80544995517374,,,,,1809879
black river,jm,16.651944270718943,-79.92721227460206,,,,,3491355
aksarka,ru,70.86608730568199,67.73389439528395,,,,,1512019
pipili,in,20.09076090143344,85.91621929186175,,,,,1259592
dolzhanskaya,ru,46.824611904405344,37.9150186284993,,,,,565456
kearney,us,41.38604511448645,-99.01692929852008,,,,,5071348
agirish,ru,62.63187656434755,62.67401867786742,,,,,1512101
miranda,br,-19.949142249617296,-56.36392935005138,,,,,3457113
ramanuj ganj,in,23.877764389060673,83.32567195792967,,,,,1258731
mpika,zm,-11.396611222560637,31.176847232742603,,,,,905846
geraldton,au,-27.04461797527317,119.13927210359924,,,,,2070998
santa ines,br,-3.2635917615985335,-46.18099069922235,,,,,3389609
vryburg,za,-27.106987357546664,25.16054524261469,,,,,942511
imbituba,br,-29.666249460914372,-45.035998282395326,,,,,3461370
bontang,id,1.315689375727203,116.51886593739061,,,,,1648186
juneau,us,58.747679670256986,-134.6667592599631,,,,,5258190
sabang,id,6.656653424518552,91.38331820488929,,,,,1214026
quchan,ir,37.06068651301538,58.72794096693002,,,,,119115
traverse city,us,45.008895125442706,-86.3997847094389,,,,,5012495
marinette,us,45.64363209128382,-88.4837746316693,,,,,5261852
hamilton,bm,25.669058150773253,-63.19061952907066,,,,,3573198
copala,mx,16.339392730514987,-99.20745639189236,,,,,3530264
izhma,ru,66.02934040265148,54.51829451998094,,,,,554830
amazar,ru,52.415923930793014,121.30950525940267,,,,,2027806
mao,td,15.318493813727855,14.95809046360273,,,,,2428394
biltine,td,15.340150167157645,19.160415874583435,,,,,244878
marquette,us,47.537400729105656,-86.65535804805587,,,,,5000947
kaya,bf,13.664146711890282,-0.7688046714741006,,,,,2359608
valleyview,ca,54.500088146331876,-117.3776894395362,,,,,6173220
tvoroyri,fo,61.56180652721855,-5.616156200158031,,,,,2611060
kamyshin,ru,50.225988860167035,45.903713443855594,,,,,553287
benguela,ao,-13.685410410742278,12.87045964226084,,,,,3351663
mombetsu,jp,44.99286840260771,144.0686864085405,,,,,2129163
tlancualpican,mx,18.36663419410327,-98.75679265387886,,,,,3818940
cockburn town,tc,24.151982395960246,-71.07911098038291,,,,,3576994
sutysky,ua,48.9473899241483,28.274189623818756,,,,,692146
bilibino,ru,74.20060508202326,164.82533259120686,,,,,2126682
argir,fo,61.75638203859785,-6.205300691979232,,,,,2624653
strezhevoy,ru,61.13233507942431,77.65085020329343,,,,,1490796
mangrol,in,15.150515190331461,64.8676768906937,,,,,1263751
lahij,ye,14.398041570655664,47.59416788710007,,,,,73560
mardin,tr,37.26290338174941,40.46404730530381,,,,,304794
petropavlovsk-kamchatskiy,ru,49.68289499001594,162.0137894215893,,,,,2122104
itoman,jp,20.50045201233999,130.0509077114799,,,,,1861280
tura,ru,68.44191818651211,98.11609688418497,,,,,2014833
jaunjelgava,lv,56.62544700520243,25.061192806348203,,,,,459402
bandiagara,ml,13.880013643691186,-3.3045937407195254,,,,,2460489
warrenton,za,-28.38921304481726,24.96105683577906,,,,,941931
georgetown,us,31.422897695998827,-77.79148285316889,,,,,4292686
kenitra,ma,34.874507546463065,-7.204928365407994,,,,,2544568
revda,ru,69.03248225295565,34.603395051920245,,,,,502010
mana,gf,12.081616706526148,-52.45727001852539,,,,,6690694
mahajanga,mg,-15.389323137647281,43.68490683203339,,,,,1062663
krasnozerskoye,ru,54.00562112218046,79.5901922944949,,,,,1501988
guerrero negro,mx,17.18891060164154,-130.38034718975257,,,,,4021858
lukovetskiy,ru,63.75888173887901,41.934825691989886,,,,,533418
severo-yeniseyskiy,ru,60.18042439337256,93.56025954064694,,,,,1492566
santiago de cao,pe,-9.69770798038192,-81.04581496734653,,,,,3692073
manoel urbano,br,-9.546265074155656,-69.70576432232077,,,,,3663495
laguna,br,-31.6299065914613,-44.57881415413641,,,,,3459094
ilebo,cd,-2.8395212717223473,21.617219548492926,,,,,215976
huautla,mx,17.990032929671003,-96.89597716690037,,,,,3526989
ruidoso,us,34.24988510461253,-105.43973274487404,,,,,5488598
puerto princesa,ph,9.487228291042967,119.32381312309082,,,,,1692685
puerto del rosario,es,28.10950412222816,-14.327136508378544,,,,,6360187
ahipara,nz,-36.971482790337184,168.41529277884075,,,,,2194098
sakaiminato,jp,36.68838555740669,133.5255464080251,,,,,1853174
igrim,ru,62.79054323480361,64.61163332209611,,,,,1505965
miyako,jp,39.69081636602198,143.43974502746028,,,,,2111884
kanigoro,id,-8.360072890053203,112.1177782288994,,,,,1641497
pinellas park,us,27.87344169147336,-82.72521264146562,,,,,4168630
homer,us,60.18824076584923,-153.57482702745227,,,,,4273134
correia pinto,br,-27.617885842466826,-50.27047197604776,,,,,3465409
rio gallegos,ar,-48.98250408903734,-69.35648577256578,,,,,3838859
bellingham,us,48.817489438091656,-122.4084065587493,,,,,5786899
