latitude,longitude,city,country,city ID
22.02558445288234,-84.59876025722151,mantua,cu,3547930
77.67560581274094,111.07865054151404,saskylakh,ru,2017155
-33.669056497855884,-20.050411749830857,jamestown,sh,3370903
26.439970725540917,-5.460940832780437,taoudenni,ml,2450173
-55.87030828973663,-4.823794309678647,cape town,za,3369157
10.874427857313009,-0.20681792546926658,bawku,gh,2303287
-56.90046013679033,-96.42006929399743,punta arenas,cl,3874787
-43.835844187035995,92.0257612150437,busselton,au,7839477
0.7286047799657211,-122.21335913172297,atuona,pf,4020109
-15.181053916762622,-98.60654981603425,puerto ayora,ec,3652764
-7.058352522411511,80.70978849563443,hithadhoo,mv,1282256
-25.225803140804302,-50.6475082549982,imbituva,br,3461368
38.64489124312706,126.26990578120558,seoul,kr,1835848
-58.78351562364415,-28.717668688972395,chuy,uy,3443061
20.225640043139748,143.6934690127154,shimoda,jp,1852357
66.1829247946009,-11.95381225145303,hofn,is,2630299
88.4932691205131,-42.41809633673702,upernavik,gl,3418910
-80.59950192463108,35.50726000443811,port elizabeth,za,964420
82.98183752157058,-164.1158441307146,barrow,us,5880054
16.145883803353158,-112.00486390146871,cabo san lucas,mx,3985710
-81.00496219207658,-16.888759526531487,ushuaia,ar,3833367
-50.40773644495841,34.56123857916742,port alfred,za,964432
-68.87248746390608,71.59022288289796,saint-philippe,re,6690301
-57.86210720414637,-173.6499706902457,vaini,to,4032243
5.76034687672319,-68.39058107510643,puerto ayacucho,ve,3629710
-61.196046797286215,6.309769632553611,hermanus,za,3366880
52.861068294779216,62.797950701313994,tobol,kz,1518139
5.112396425920153,-7.6911698962383355,harper,lr,2276492
-38.60935936652252,78.93993129670338,bambous virieux,mu,1106677
-57.35092638947039,144.56325692319808,hobart,au,2163355
-12.63506017274051,7.301963580779585,namibe,ao,3347019
-33.63540567461611,156.29163981766993,port macquarie,au,2152659
17.051898593825456,84.71925382840925,srikakulam,in,1255647
27.50507668382255,-25.11695942383861,los llanos de aridane,es,2514651
-42.00337984854617,-68.2612026639662,general roca,ar,3855065
-48.50698698932068,-122.5483402101068,rikitea,pf,4030556
84.08073063123007,102.55233170864892,khatanga,ru,2022572
0.6592498459059613,38.745825763640255,maua,ke,187231
-38.67472736635251,-75.88657240140802,lebu,cl,3883457
30.99660942109044,47.88784555225507,khorramshahr,ir,127319
28.68804848772369,-68.00960814668842,hamilton,bm,3573198
43.050032699095,-20.19859731225057,vila franca do campo,pt,8010690
72.05624297905092,68.23722105615064,aksarka,ru,1512019
47.70939714779334,85.98694498659404,zaysan,kz,1517060
31.95853993253671,85.9084505283625,pokhara,np,1282898
64.62933552331418,-30.77474631800939,tasiilaq,gl,3424607
-27.524863400709087,-56.01366467834805,posadas,ar,3429886
42.28581492237362,43.92375386281208,agara,ge,615943
35.691476338609704,136.10216265200899,tsuruga,jp,1849592
38.32439694114021,-12.920784700511916,colares,pt,8012548
-30.29619876080171,97.11801088908504,carnarvon,au,2074865
51.16198234042781,8.345094433760693,schmallenberg,de,2838053
70.33571154760952,-88.70351901517026,thompson,ca,6165406
-13.560801892867516,-46.09396299008529,sao domingos,br,3449293
20.093402672581178,96.9493976475195,loikaw,mm,1313479
-37.07765687828492,23.78803586419926,plettenberg bay,za,964712
-9.085395749090225,-36.421839279607696,garanhuns,br,3399058
67.58425415827864,101.86684378404942,tura,ru,2014833
-59.928533361294065,125.49264898074523,albany,au,7839657
33.886368289535056,86.07519706540535,jumla,np,1283287
-81.29385888180826,173.01586118984847,bluff,nz,2206939
17.992806982286012,57.54432845028177,salalah,om,286621
83.55242232729037,-88.60103141315027,qaanaaq,gl,3831208
50.499822431890124,115.13130405203577,nizhniy tsasuchey,ru,2019118
32.09815414733198,75.86048815669685,talwara,in,1255076
52.394987758502765,-63.34473616892792,havre-saint-pierre,ca,5972291
40.59587056506726,40.976530710116066,cayeli,tr,749502
1.1307316143102213,105.37872630662781,kijang,id,1640044
15.472183672248406,128.7115343217818,anito,ph,1730622
42.312438463249975,-138.5007608864438,port hardy,ca,6111862
22.396482631061218,-38.17425010310862,ponta do sol,cv,3374346
19.897441520621896,-97.26036350719171,hueytamalco,mx,3824675
75.30109618001993,-126.57600567832489,tuktoyaktuk,ca,6170031
-12.990778119558158,-147.97587435965573,tiarei,pf,4033356
44.2119753242236,-15.206824955032573,muros,es,6357322
28.02120907685692,147.2244158458472,katsuura,jp,2112309
9.541273276881284,42.67259018918773,jijiga,et,333795
15.82642612307491,-86.56859272102879,nueva armenia,hn,3604395
79.33081587714577,-120.91337628564492,norman wells,ca,6089245
-10.197448054344278,99.9915667428811,bengkulu,id,1649150
47.95234789995635,-149.86337925774023,kodiak,us,5866583
38.231108909682746,-176.32073357946024,kapaa,us,5848280
28.47000852780721,-58.750095769026345,saint george,bm,3573062
-5.026699056075884,94.03205251897958,padang,id,1633419
31.161983117418103,154.1231812692921,hasaki,jp,2112802
83.12211200169452,174.37487371613162,pevek,ru,2122090
38.18927611036375,36.182504414676345,goksun,tr,314188
-22.706149637024737,-164.90968298085585,avarua,ck,4035715
-18.55375136447458,63.81707229539413,quatre cocos,mu,1106643
61.660835689739486,-165.09777002297784,nome,us,5870133
-16.57035589858758,-27.98608087323464,maceio,br,3395981
43.54663453840806,-130.88206941737383,north bend,us,5074013
-0.18258845016457315,-80.45147797992439,bahia de caraquez,ec,3660401
-76.32540731195967,128.42619172120527,new norfolk,au,2155415
22.337168350607072,-151.2475724606821,hilo,us,5855927
24.902200283404454,-68.75175633900216,cockburn town,tc,3576994
72.91977949789623,-144.73091287005548,fairbanks,us,5861897
55.53937708682665,-49.45359884275507,qaqortoq,gl,3420846
7.64743823772568,172.9053671209087,butaritari,ki,7521588
75.51190154982396,151.59302389623224,chokurdakh,ru,2126123
49.766914006285276,-12.614864282928409,dingle,ie,2964782
58.22130110632145,13.138579769406874,lidkoping,se,2696329
-18.491579133468363,-40.57417560382859,ecoporanga,br,3464364
47.04072848459003,70.64379270553357,atasu,kz,1526041
66.61631624905638,55.60338573737957,usinsk,ru,863061
72.18892882432232,-3.8624250325767377,klaksvik,fo,2618795
29.443192152904416,-132.8915724819651,pacific grove,us,5380437
-45.93292954984938,-58.99449296925988,viedma,ar,3832899
-58.50930781644888,77.4404031520665,souillac,mu,933995
-32.72670325064067,11.388919413439794,oranjemund,na,3354071
48.55633596877942,-139.806892152602,sitka,us,5557293
32.32447318888414,135.87260287989358,shingu,jp,1852109
70.42983257054988,-173.39549113059695,lavrentiya,ru,4031637
64.06219054229811,-117.82573129100535,yellowknife,ca,6185377
-33.82755063271533,66.36236307552454,mahebourg,mu,934322
36.960897550470946,166.36709417533308,severo-kurilsk,ru,2121385
-3.1785058495202634,157.8689870093271,kieta,pg,2094027
-11.556376728643983,-69.53825365325432,iberia,pe,3938531
66.10462376382168,-54.687345668911846,sisimiut,gl,3419842
45.039443242099566,32.30241159718801,zaozerne,ua,687726
47.06673980769858,-58.7702426478572,channel-port aux basques,ca,5919815
-36.08698285028146,-43.165750913392685,cidreira,br,3466165
-23.193547692608846,144.78881714560708,emerald,au,2167425
66.92037610199691,35.62250516209488,lovozero,ru,533933
13.42580982045348,21.920603858670376,adre,td,245669
9.365206190602066,84.29827451824116,batticaloa,lk,1250161
46.76676737980861,128.66038285327778,langxiang,cn,2036237
-24.038516600361618,-91.43297516640182,pisco,pe,3932145
9.549936312797044,129.00219311471335,bacolod,ph,1729571
84.16122869954509,33.99117634289507,vardo,no,777019
49.53475566267875,140.84789391060474,vanino,ru,6609011
37.94907261625502,15.328150992526986,taormina,it,6537773
-37.35240576138407,171.8485013103512,dargaville,nz,2191911
-34.25021848385053,5.004029688296754,luderitz,na,3355672
43.48469943050847,-168.0460672634189,bethel,us,4182260
22.196240765253776,137.34382239268393,naze,jp,1855540
2.0072493277074415,-11.93413927428088,buchanan,lr,2278158
61.959376213309866,91.45577941122394,teya,ru,1489656
-12.544737484596737,171.1470086599519,sola,vu,2134814
-0.23912357664981698,-30.11847406486899,touros,br,3386213
2.3778768660883287,123.79415175299312,manado,id,1636544
54.452639384883156,-103.6454463331143,nipawin,ca,6088469
-22.29240458206914,55.565310061273095,saint-joseph,re,6690296
44.807577477828005,132.1680098743206,kamen-rybolov,ru,2023226
18.26683220571138,100.55459275104982,rong kwang,th,1606983
53.14166108413474,-110.60781308213453,vermilion,ca,6173801
-30.179874802447486,-44.525197364771884,imbituba,br,3461370
66.22895003646536,151.65681365929504,zyryanka,ru,2119283
-3.1126735797896288,129.96083606999514,amahai,id,1651591
37.30701201427404,98.80194832007248,zhangye,cn,1785036
-23.831691434983043,17.49635844087581,rehoboth,na,3353540
45.39064801757192,115.16434119852306,baruun-urt,mn,2032614
70.16537220863282,-82.74437079938619,clyde river,ca,5924351
49.22187693403714,-83.18576978817548,hearst,ca,5973108
50.53615170401258,-134.40914419579497,ketchikan,us,5554428
83.73045830153109,178.18052214310944,leningradskiy,ru,2123814
31.062736767261242,113.22256264468427,yingcheng,cn,1786640
4.924794249053534,-111.09071257779617,coahuayana,mx,4025994
-38.46228882218249,150.06111494666237,lakes entrance,au,2160735
-45.33782629476296,160.73777016615452,te anau,nz,2181625
50.439352270652165,-27.097212590839916,lagoa,pt,8010517
44.30831315728511,-96.68837595787868,brookings,us,5226534
50.4955585618128,-5.310703606758324,truro,gb,7298372
43.81938190603637,-76.68771458794889,oswego,us,5130081
17.34176584731962,154.43594688653735,kavieng,pg,2094342
9.16572096896968,92.60749232035067,port blair,in,1259385
-1.091576134029438,-18.7107315453421,georgetown,sh,2411397
61.87480859041722,-133.48473358553542,whitehorse,ca,6180550
-4.301488486013113,22.50431814226161,mweka,cd,207596
8.077357339476308,-81.34453394521833,san francisco,pa,3701484
53.08115438545366,-101.26377745855889,the pas,ca,6164499
31.287118043018253,-83.2531378747216,tifton,us,4226552
57.02712219069355,-45.209119005765984,nanortalik,gl,3421765
-48.51902448727696,-107.87288616914165,castro,cl,3896218
-4.178409339727864,2.9758340067894835,port-gentil,ga,2396518
22.37466636022249,-155.61050122144766,kahului,us,5847411
-4.487000567952862,42.846776637894465,lamu,ke,189741
-34.79198742500279,144.5533597905233,deniliquin,au,7839721
58.676887595533685,18.429635256909194,nynashamn,se,2687636
5.611614213730931,-24.791284078797304,sao filipe,cv,3374210
35.723881627648595,105.7925847487121,pingliang,cn,1798760
46.13977249102868,-72.28278196326318,drummondville,ca,5942845
4.106644823510834,114.81049126149992,limbang,my,1737714
85.5786706400929,163.4126841758906,cherskiy,ru,2126199
21.966607861045517,-118.85056139435248,guerrero negro,mx,4021858
-49.91565557823602,-52.77167281043735,necochea,ar,3430443
-9.561832247584874,140.16048218438857,merauke,id,2082539
11.495337190691515,64.00331573084867,kavaratti,in,1267390
21.51843299944362,-22.294397483614205,santa maria,cv,3374218
37.57152791814839,-91.80792815185359,rolla,us,4406282
-9.179527339978108,11.669043406152099,luanda,ao,2240449
-11.744361808094027,-82.87250861130101,huarmey,pe,3939168
2.4740729877534164,148.80701336995293,lorengau,pg,2092164
21.31034909117571,-45.765884686288246,bathsheba,bb,3374083
-27.2635899645758,-24.835565031080478,vila velha,br,3445026
11.79478270685425,-107.69729164008291,manzanillo,mx,3996663
0.10490192417485389,-57.219747658301856,oriximina,br,3393471
62.921302014465226,-71.03511477668282,iqaluit,ca,5983720
25.75984940414591,69.62530202746649,khipro,pk,1173889
62.80393801175708,-178.02401091427552,egvekinot,ru,4031742
48.18748729100071,25.579536843057156,davydivka,ua,710243
-3.997063658564713,53.148862469372915,victoria,sc,241131
62.96253994929137,75.53878483576383,noyabrsk,ru,1496503
32.421559174197455,-46.02784339799223,torbay,ca,6167817
35.53159322288805,-16.514782748792726,camacha,pt,2270385
63.05940995858131,-122.1133493265595,fort nelson,ca,5955902
52.212888928681934,-92.74135076699774,sioux lookout,ca,6148373
59.36882290622495,39.87975935208519,vologda,ru,472459
-45.49926785119022,174.95648850751678,christchurch,nz,2192362
52.95249389839151,-68.90151989415119,port-cartier,ca,6111696
74.36980812019968,-47.251007468867726,ilulissat,gl,3423146
-4.460053892625808,88.62641432481479,meulaboh,id,1214488
46.37212918817454,-65.12171572758648,salisbury,ca,6139354
0.05220876584873224,-53.02353391853359,almeirim,br,3407903
63.67267680515738,-172.67896432594384,provideniya,ru,4031574
41.11709011468156,62.99197409358726,gazli,uz,1513990
-38.257075951792665,-30.97192213191289,arraial do cabo,br,3471451
20.24758296194554,105.27061648605672,hoa binh,vn,1580830
-25.961824115920678,133.7389464582311,alice springs,au,7839681
43.700070181079894,-88.80203220152292,waupun,us,5278106
67.06070864122077,136.31279945871034,batagay,ru,2027044
36.40067903790839,58.447512824401656,neyshabur,ir,122285
50.784141275409354,-66.8126778913304,sept-iles,ca,6144312
-5.943290936136208,3.7358543116646103,omboue,ga,2396853
51.48668415831713,-118.14414978932712,revelstoke,ca,6121621
-49.66186978009618,-66.62231568552664,rio gallegos,ar,3838859
-52.025359320131265,19.378448587677298,bredasdorp,za,1015776
37.0057737141869,42.01636062851182,idil,tr,311704
28.867385393643943,107.30904839154465,longhua,cn,1802618
58.9283542552285,16.576120902717804,katrineholm,se,2701223
-18.860038341049886,140.78495273615295,mount isa,au,2065594
46.171209272072446,-54.300264198227154,marystown,ca,6067472
75.38255547105726,72.92341613535518,dikson,ru,1507390
45.371950397565,8.115648066843846,santhia,it,3167314
-42.64470349866138,138.88063687589397,portland,au,2152667
-18.179921599753158,-174.17318654135408,neiafu,to,4032420
-24.07800427758579,51.0601501201962,farafangana,mg,1065158
-22.375588154552958,122.09570295027169,port hedland,au,7839630
-22.050442537046678,38.85715667801213,inhambane,mz,1045114
-26.78046885873588,126.04648916675103,yulara,au,6355222
43.83948803178484,-79.9039923704931,caledon east,ca,5913417
62.19003586033568,175.28038469610345,anadyr,ru,2127202
23.57790734972184,-127.11779302537025,lompoc,us,5367788
82.55189784738778,125.1847879676987,tiksi,ru,2015306
2.3091761554895385,-88.66257431526981,puerto baquerizo moreno,ec,3652758
31.264352458973732,57.93106979357299,ravar,ir,118704
2.486151758250884,-43.50370197599739,carutapera,br,3402648
-22.95654573408214,170.55608149554422,tadine,nc,2138285
-14.714148829551874,156.85424081641423,honiara,sb,2108502
37.27237618558787,111.20026725706362,jiexiu,cn,1805833
-30.26536705257964,106.73106925917915,geraldton,au,2070998
38.538965137969,-88.20425654971717,effingham,us,4237727
40.10884143914765,105.4129020198398,shitanjing,cn,1794971
-10.893386538118733,40.775189708026346,madimba,tz,878141
6.53211782629603,98.43642062955377,phuket,th,1151254
68.6440009545627,111.62064186176536,udachnyy,ru,2014624
-7.143731615629093,126.07438099214346,atambua,id,1651103
8.179769324804766,-60.258314715071634,mabaruma,gy,3377301
-27.04700469391547,-84.116554920916,coquimbo,cl,3893629
25.95765345042622,97.82030690688015,myitkyina,mm,1307741
54.47236653909309,28.08937528197407,minsk,by,625144
-15.758383224996578,126.82384702745355,kununurra,au,2068110
65.30567205862576,140.59273916363838,ust-nera,ru,2120048
4.645480600965996,54.66995745137339,eyl,so,60019
49.23719405291283,-97.74318414353655,winkler,ca,6183204
49.259964970445964,89.81402334644923,mugur-aksy,ru,1498283
51.578924700135985,-104.11214986980825,wynyard,ca,6185021
-32.95001408546577,-65.27855114113476,mercedes,ar,3430708
59.221840554057536,82.68722534151686,togur,ru,1489499
87.18357078126624,18.081834324976143,longyearbyen,sj,2729907
31.221972896287667,-99.18028206455043,brownwood,us,4676798
-6.2879240592152,8.438534445532753,mayumba,ga,2399001
38.22449001058828,12.784173566465427,castellammare del golfo,it,6539110
73.88243994443482,22.371980961613644,hammerfest,no,779683
25.59311090352425,37.509249218736045,umm lajj,sa,100926
44.17221742248569,147.19000205249102,kurilsk,ru,2123979
7.185993464418559,-20.02346576610813,bubaque,gw,2374583
22.27430780368374,123.72225519195405,ishigaki,jp,1861416
25.665159437196778,112.18123875589185,chenzhou,cn,1815059
42.29568358103339,-32.440073384405366,ribeira grande,pt,8010689
17.768074889705986,63.172897675137364,sur,om,286245
-34.44310311106343,-42.54319806687383,laguna,br,3459094
26.774496056184546,-92.25651236795285,morgan city,us,4333811
59.052244250702984,-151.41354300144278,homer,us,4273134
2.2265867436339732,45.66994177669616,mogadishu,so,53654
65.84661953758678,-136.42484495906197,mayo,ca,6068416
25.848347385851582,77.35986093378432,sabalgarh,in,1257928
37.268346862094575,57.01005261623618,bojnurd,ir,140380
33.67481358165372,58.1661652115759,tabas,ir,113659
38.96625708436403,76.20856853452989,kashi,cn,1280849
54.13284562464739,102.2535235053976,sayansk,ru,1492891
27.50318499774305,-4.099261734526294,adrar,dz,2508813
-50.50806609653422,-52.33719321744475,mar del plata,ar,3430863
-2.0697650686708755,26.75881459907032,kindu,cd,212902
9.020973969027168,130.98941581726723,kloulklubed,pw,7671223
50.909435327018144,129.92413194045406,romny,ru,2017409
-31.486653248931525,-79.18423105325401,valparaiso,cl,3868626
17.329675425797205,74.58616107726326,vite,in,1253091
-19.560552330382194,32.61048659888894,mutare,zw,884979
-18.04282493766756,96.10067925589118,labuhan,id,8079926
-36.15033508527774,31.188790702534135,east london,za,1006984
63.975585159496546,59.08728117953905,synya,ru,485215
29.766725894976133,94.94531125295686,along,in,1278969
31.985654005984557,61.48511766285458,farah,af,1142264
-28.141385549264037,29.60205377099973,harrismith,za,997751
48.33225021011876,109.14291325454639,darhan,mn,2031966
-37.59311922480726,-58.81878460337059,tandil,ar,3427833
15.544514454769256,32.50213827204692,khartoum,sd,379252
25.228972703154355,78.95204819510417,ranipur,in,1258449
17.1336831817608,-81.82036841734684,george town,ky,3580661
68.9632631769783,92.56805185786754,talnakh,ru,1490256
44.07312106788174,4.99084093087049,carpentras,fr,6451534
-1.677653679901269,-41.491748732569306,luis correia,br,3396121
27.14635919087644,78.75414059859492,ghiror,in,1271295
43.428881764574896,79.977853363073,zharkent,kz,1520253
33.25189076913101,-139.92178178173617,fortuna,us,5563839
16.90666886940025,70.9556096255211,guhagar,in,1270779
27.16872541585721,-87.14050217309124,warrington,us,4177465
40.147315647427746,81.1848366788322,aksu,cn,1529660
26.000460485017925,102.53744073790966,kunming,cn,1804651
52.9402493574205,-26.591555902578563,grindavik,is,3416888
47.455294813703574,-83.13403214721251,chapleau,ca,5919915
61.957324924776856,42.02218307278105,shenkursk,ru,494884
36.38696497138932,119.27126594339256,anqiu,cn,1817990
24.6391574018282,110.32688111831806,guilin,cn,1809498
7.917166477883939,14.055093095708486,tchollire,cm,2221607
61.87261605843176,153.02459536776485,talaya,ru,2120769
60.96029060650483,106.09949109313277,yerbogachen,ru,2012956
28.908884459974416,81.64877140924312,tikapur,np,1282666
43.61395562238809,9.838502616008185,lerici,it,6536473
-15.710152813081663,-142.8698732468187,tautira,pf,4033557
-9.119452224807944,-158.75408509756983,faanui,pf,4034551
-49.860378904178894,158.0678545234449,tuatapere,nz,2180815
-47.40536896902478,171.39264648786798,dunedin,nz,2191562
59.455074506160116,67.00257024639387,kondinskoye,ru,1502697
59.43059431049085,-137.54652790886948,haines junction,ca,5969025
60.94291433808522,5.463213256383597,lindas,no,3147441
-31.516884335834753,147.66064686194437,dubbo,au,2168305
24.13660326147604,-78.37915976119824,andros town,bs,3572906
29.425810754175984,73.17879577511096,faqirwali,pk,1179377
44.13192073465109,91.05802868836702,hami,cn,1529484
0.6203668975524295,14.48590160433912,sembe,cg,2255304
13.097455003595613,28.768449574526784,abu zabad,sd,380348
-24.11588209768057,175.26245076116237,isangel,vu,2136825
56.56545320735904,99.85325496183674,chunskiy,ru,1507636
57.83168771845271,-104.17353411092401,la ronge,ca,6050066
-1.9574702577814236,-1.1101354723807617,takoradi,gh,2294915
68.00039812429776,173.2159977340732,komsomolskiy,ru,545728
65.68203354485931,121.05698879533793,vilyuysk,ru,2013392
-11.565718383079115,-34.72143796256381,coruripe,br,3465329
27.334980951082358,-107.09350297570867,creel,mx,4012593
-15.58569201288158,144.15486260498238,mareeba,au,2158767
57.44389619513038,-112.70667186450342,athabasca,ca,5887916
16.81742829365237,-0.22505288119958777,gao,ml,2457163
43.87035775334809,78.76575135280211,saryozek,kz,1519580
45.78422704687554,49.431488648705994,marfino,ru,529368
-37.45169655014267,146.52529973876034,traralgon,au,2146108
-13.13241758949772,56.687469441541595,sambava,mg,1056899
11.888558256107999,74.99464603950602,payyannur,in,1259994
12.160696063775205,-14.702927116346615,bafata,gw,2375254
20.933433174494837,7.020327579354898,arlit,ne,2447513
49.33789224380135,99.94473450036566,moron,mn,2029947
0.24348133898028834,-83.40518444930055,manta,ec,3654410
-3.0524130572000274,139.32418771903036,vanimo,pg,2084442
-35.75304612183407,6.741074232032474,saldanha,za,3361934
-35.402293526932134,140.2166193065571,murray bridge,au,7839442
45.95790218255701,-111.83169885460752,helena,us,4066811
-30.13801538214983,-64.58517229420328,villa carlos paz,ar,3832791
28.0942675717408,16.755628887838526,waddan,ly,2209055
45.05542698156745,-106.81378378390765,sheridan,us,5838198
-6.597378449614155,-67.54599316825642,pauini,br,3662927
1.3837741660114773,39.33744212546736,wajir,ke,178443
-19.736702915040752,49.836884047499126,mahanoro,mg,1062553
19.256467547701746,16.13404486169142,bilma,ne,2446796
-38.436795969212525,135.01687182270598,port lincoln,au,7839452
18.40387914919748,-0.09393269100931434,kidal,ml,2455290
6.401432954347854,111.42394901806989,miri,my,1738050
32.79147628768456,-75.76834950388252,havelock,us,4470244
65.18437443935179,-54.37196461512825,maniitsoq,gl,3421982
68.58926750339938,-60.70188879824511,pangnirtung,ca,6096551
-7.878873084613957,45.71992357294644,mitsamiouli,km,921786
20.606837339284965,-52.04645607290132,saint-francois,gp,3578441
61.45547711595074,59.724379425652984,polunochnoye,ru,1494482
42.9973727921076,124.09038003822297,changtu,cn,2038139
49.45347972008216,122.27662994337561,zalantun,cn,2033225
28.454301528399824,84.86650487750234,kathmandu,np,1283240
-24.013258935203297,33.49876269029488,chibuto,mz,1049861
54.5952007374984,58.507223463575855,yuryuzan,ru,466200
-32.5691588961402,19.894333644918532,ceres,za,3369129
-15.883208123977028,-58.5938243013463,san matias,bo,3444105
55.64998306615951,52.509900183136665,mendeleyevsk,ru,527579
-45.01920035973067,124.79731287654829,esperance,au,2071860
54.38034007242109,125.35085336420428,taldan,ru,2015646
13.708150920536966,-102.90461785651532,petatlan,mx,3992842
34.29016073327513,119.99036531824493,dongkan,cn,1812427
11.083364006540748,-9.048678849631358,siguiri,gn,2415703
-40.580879280594615,138.4808415457028,mount gambier,au,7839440
29.427121986067306,81.28762155687701,dharchula,in,1272864
27.16335048902991,86.61450442376605,lahan,np,1283161
-25.497586441793572,34.495323254123406,xai-xai,mz,1024552
-17.055668505941583,-53.361463352621655,alto araguaia,br,3472473
10.457924299136934,44.325897562496664,berbera,so,64435
81.10737416085524,-64.04558659996947,narsaq,gl,3421719
52.66759206667325,-101.94151275965842,hudson bay,ca,5978133
-41.52525592315438,25.07820216798507,kruisfontein,za,986717
-15.172758829638184,108.64972633572427,bambanglipuro,id,1650434
29.92656367379037,11.835967342696136,mizdah,ly,2214827
22.578050865419286,71.74065495282173,limbdi,in,1264912
38.07137733769366,-68.08415819717807,nantucket,us,4944903
32.00359549617883,115.02446522123398,huangchuan,cn,1807553
70.21111958250103,-149.2674430444893,college,us,5859699
54.3265397091736,136.17677022208528,chumikan,ru,2025256
45.420263099142915,-56.03704784667599,saint-pierre,pm,3424934
-26.546369085641857,3.0712917505581743,walvis bay,na,3359638
-2.8798191231086747,-4.173923546508348,tabou,ci,2281120
53.64172153690353,90.06117950126969,sorsk,ru,1491360
-8.235730485458717,-46.847343375496024,santa luzia,br,3389557
12.00856826527125,-82.6269006139975,corn island,ni,3620266
-15.929830048445012,-43.755097012487,sao joao da ponte,br,3448892
-6.1185762224192075,-41.17286228455589,pimenteiras,br,3392095
19.88666015201825,57.724482074818354,ibra,om,287832
34.94673319245105,-102.70497964209906,hereford,us,5523074
-0.33818750203373327,-85.32705051119866,san cristobal,ec,3651949
36.21518744796029,32.91864520821261,anamur,tr,323828
67.41741114128376,49.400285685048374,ust-tsilma,ru,477940
-21.9936108430023,126.1364364181419,broome,au,7839347
49.40185498592896,120.73325541890762,yakeshi,cn,2033536
-41.421931665438414,-82.75431124259264,ancud,cl,3899695
71.40131204247811,-14.384276159794211,husavik,is,2629833
11.904099173997082,-6.395198695288144,sikasso,ml,2451185
36.35816884005655,104.42154438721303,baiyin,cn,1817240
28.14946348739724,-108.7738195796539,sahuaripa,mx,3988265
-28.520357518722818,-69.00713816882745,vallenar,cl,3868633
50.4910393855381,132.61461500236504,novyy urgal,ru,2047258
63.503135522811334,134.58804662976564,khandyga,ru,2022773
56.85977489527079,156.9638513207268,tigil,ru,2120612
-26.4914934393574,147.5233212235226,roma,au,2151187
36.591131567224735,100.2346415246663,xining,cn,1788852
-6.187986853208031,-60.92403931773016,manicore,br,3663503
2.324623664013785,-41.22117823785237,tutoia,br,3385899
32.06437973006413,97.6666410856323,tezu,in,1254709
53.30594182836492,92.68027723119843,yermakovskoye,ru,1485904
54.41025408048486,65.3668612024903,zverinogolovskoye,ru,1484943
-4.2054807569654855,159.47237112844044,buala,sb,2109528
26.27889590371622,90.52151826190578,chapar,in,1274618
26.55891061607545,78.9317791836728,umri,in,1253796
35.748921823053706,-90.76928345031466,jonesboro,us,4116834
58.03651719976355,44.0753565751391,makaryev,ru,532138
60.25610945888624,179.79914970681182,beringovskiy,ru,2126710
35.84628060588048,-20.09294924109369,ponta do sol,pt,2264557
59.71386202697951,124.80088497059575,nizhniy kuranakh,ru,2019135
-7.967706039248085,-49.79065851028264,conceicao do araguaia,br,3401845
8.520100505723164,-1.2997158716368347,kintampo,gh,2299625
46.16768787128697,-77.655029806005,deep river,ca,5937073
53.14861072557582,-61.593449045062044,saint-augustin,ca,6137462
-23.911142224942978,149.30643991049698,blackwater,au,2175403
15.887675074226863,-45.30590124361413,sinnamary,gf,6690707
23.074234342723827,99.73839526935495,simao,cn,1794209
74.01197027143516,86.74816990203834,dudinka,ru,1507116
18.732348835969944,-23.99529954434496,pombas,cv,3374351
70.43835421306554,-138.54845573304112,aklavik,ca,5882953
-20.786284786728018,-166.56695156429544,alofi,nu,4036284
50.64062810628357,134.1249843780863,chegdomyn,ru,2025579
61.480642576985645,11.768849569052463,rena,no,3141982
-4.289134024265863,-37.0325474917592,areia branca,br,3471609
-35.800200857782045,-61.815668374014976,lincoln,ar,3846864
9.861692195327407,-14.474529516186806,boffa,gn,2422968
11.7799187399105,-61.366913613233365,grenville,gd,3580236
36.59506533263968,151.01060156769324,nemuro,jp,2128975
-25.134677728414843,17.581105023924266,mariental,na,3355595
53.703213402299355,127.48878932351909,zeya,ru,2012593
49.08811905906359,13.302780938774816,zelezna ruda,cz,3061567
-8.167529761363426,131.5213798589918,tual,id,1623197
-8.92119865894918,22.945528148758285,kaniama,cd,214389
-17.99497047995827,43.52467321622834,morondava,mg,1058381
10.289148799127872,-85.0966956601377,juntas,cr,3623307
17.735976890645077,109.55913539723235,wanning,cn,1791779
62.94389900920197,51.45387727417372,sindor,ru,492860
-14.208333697530406,130.66953961807576,port keats,au,2063039
-2.959428979964514,-80.37094898122263,playas,ec,3653015
51.850665115049,148.84259154172787,vostok,ru,2013279
34.358954889032645,60.26516799818157,taybad,ir,1159384
65.99249153254001,47.11487512737949,leshukonskoye,ru,535839
-3.3320736777679656,38.682668013012716,voi,ke,178522
66.10870607122067,40.41218667561472,arkhangelsk,ru,581049
48.2544243112975,106.72099607006606,ulaanbaatar,mn,2028462
43.46188055588328,-80.62053586094316,waterloo,ca,6176823
6.264589833267294,91.17420290149556,sabang,id,1214026
33.09970501257142,14.701867481313855,zlitan,ly,2208485
8.607725850915358,12.72119560787965,poli,cm,2222539
-48.799104394648374,-78.08650453791802,coihaique,cl,3894426
71.82670510867825,8.118069311214953,sorland,no,3137469
21.839776700492024,70.77670245658823,gondal,in,1270994
-19.559347805624995,157.3374071811608,poum,nc,2138555
-18.203865458668375,-50.82397232214569,quirinopolis,br,3451931
-9.183739960613437,156.5016194971039,gizo,sb,2108857
40.7290349717791,-104.87411774190491,windsor,us,5410004
67.10988897108453,-45.69770709683246,qasigiannguit,gl,3420768
67.88273455353328,-131.7884946233828,inuvik,ca,5983607
49.83471648323538,66.28078707301401,derzhavinsk,kz,1524606
-36.132089377428336,-61.24425754569779,nueve de julio,ar,3430383
3.7428205472881473,-117.95278324071771,san patricio,mx,3985168
14.211086236202277,19.736860039559417,oum hadjer,td,2426370
1.9087535554078983,132.58700777541236,sorong,id,1626542
70.07241142041943,74.80604750856753,pangody,ru,1495626
5.795598588841273,57.95042368873513,bandarbeyla,so,64814
33.10728862553076,-27.121310446089893,ponta delgada,pt,3372783
26.70431185165232,15.329289063209501,sabha,ly,2212775
68.05687877624717,77.26951036401033,tazovskiy,ru,1489853
50.29077446276625,83.1973610711164,serebryansk,kz,1519395
5.4322324596588345,7.596358382817499,bende,ng,2347303
-11.500416353237142,21.00835360007497,lumeje,ao,876123
-0.7217446144170907,24.85806025242627,kisangani,cd,212730
39.403215807386886,-77.18840158594062,mount airy,us,4210382
16.942925995989427,86.72358806486233,sompeta,in,1255816
-2.813629987167971,163.35325745484226,auki,sb,2109701
-27.207585429852138,162.5560318092626,noumea,nc,2139521
-20.986191801479137,167.71043931352517,we,nc,2137690
51.85995679685158,111.91045684939502,mogzon,ru,2019884
42.59712932479255,3.0128399749462744,perpignan,fr,6440996
55.53365074770409,-128.29146664567253,terrace,ca,6162949
20.962507180654725,120.83168707736723,basco,ph,1726451
42.659677904065234,38.3958101508633,shepsi,ru,494846
22.104855474602005,-18.064899058611843,nouadhibou,mr,2377457
49.43171853984737,-11.020158938353688,bantry,ie,2966356
37.76204843293405,12.992149320779163,partanna,it,6540821
67.18950275464553,51.8511516065966,naryan-mar,ru,523392
22.36481042091731,26.438249448530087,marawi,sd,370481
1.7762131445184792,84.64950383749283,hambantota,lk,1244926
20.731467717398885,-158.0758392127218,ewa beach,us,5855051
7.443212980716083,-66.48477215997202,puerto carreno,co,3671519
42.472651648832226,52.022423267908096,kuryk,kz,609919
5.899697340146005,158.01487538992052,namatanai,pg,2090021
60.33067895911972,164.10328689850962,ossora,ru,2122389
57.19064939741662,-116.38662017592173,peace river,ca,6100069
-46.219183420331255,-61.022606202745564,rawson,ar,3839307
8.64668644875917,-71.1730882992348,ejido,ve,3644417
-16.53220516884035,60.52817655990307,grand gaube,mu,934479
40.59463078457813,28.23162379076473,karacabey,tr,744537
-25.59870291963537,-65.08586796378046,salta,ar,3838233
-11.704847929108382,119.71272226363021,waingapu,id,1622318
30.323219770555667,33.565612261799885,suez,eg,359796
-26.092352996053002,-53.91357218064918,santo antonio do sudoeste,br,3449479
63.172246278001495,147.16855253839339,myaundzha,ru,2123100
46.95088647770757,-52.97046308853689,wabana,ca,6174727
28.906969106826864,-93.72679378186515,port arthur,us,4720039
41.53209540752252,0.8667821077362419,lleida,es,6358863
65.4875003214203,4.684305002009069,roald,no,3141667
26.95239977666955,69.55834672879138,khanpur,pk,1174167
10.476101237505105,-71.65429398557276,santa rita,ve,3627186
34.93905984425494,53.11937974974711,semnan,ir,116402
-42.13715917568051,41.94292591846289,margate,za,978895
-19.680908729251215,57.28513849181061,grand baie,mu,934482
47.07241737295712,162.78030742601965,petropavlovsk-kamchatskiy,ru,2122104
57.01469737218025,10.821830182809009,saeby,dk,2614172
-34.948175239988274,170.33934004510922,ahipara,nz,2194098
0.6132262215946724,112.77724523917573,kapit,my,1737185
33.99006773771923,-103.31461182305596,portales,us,5484874
-19.58770640162983,56.09751378571991,sainte-suzanne,re,6690304
36.98836390713454,-108.20843537283652,farmington,us,4386289
8.683679118648385,-23.71876038399472,praia,cv,3374333
70.41531328509743,144.65994803384575,belaya gora,ru,2126785
0.8434816900814894,126.97779032776032,ternate,id,1624041
57.26411166452439,41.21044197603999,furmanov,ru,562309
69.0935483740164,123.73950120779767,zhigansk,ru,2012530
41.005898424771374,36.522853904780646,carsamba,tr,749704
41.714871748551616,51.20691670928102,artyom,az,587207
-8.582999252228873,17.07990988700999,malanje,ao,2239861
41.10900792237064,-9.028047926167318,leca da palmeira,pt,2738348
-1.735664389608928,121.50699215626526,poso,id,1630723
43.89321185065137,-100.82629403983266,pierre,us,5767918
49.772971584195375,2.17616993610568,amiens,fr,6455273
2.8527714630050127,35.1077580073115,lodwar,ke,189280
26.528305232720882,81.48078785884474,jais,in,1269509
41.38186167868531,141.28881265777318,mutsu,jp,2127878
-13.204541249248507,155.19330959600285,samarai,pg,2132606
-14.071681452073662,16.923899274764324,menongue,ao,3347353
4.165667119361686,117.14547776068741,sembakung,id,1627877
44.93371635538958,43.17777783238847,aleksandriya,ru,583373
0.3302148193177601,117.90498011610629,bontang,id,1648186
62.54177443189786,43.502354996430256,rochegda,ru,501847
45.455013275539784,-102.10258670828583,dickinson,us,5688789
32.0456280272369,127.35110775333953,fukue,jp,1863997
18.35444926202294,41.64865645342201,abha,sa,110690
62.661685926544834,78.094833595892,novoagansk,ru,1497210
-8.262517260391462,119.1704609521048,bima,id,1648759
25.44038525730673,64.86118154282724,ormara,pk,1168700
42.44725587672252,102.25277667118166,hovd,mn,2030474
20.370027997208624,-8.22829647301785,atar,mr,2381334
18.05520766090993,80.76363988134017,bhadrachalam,in,1276328
39.82638122882054,23.08769265456357,melivoia,gr,257282
-5.703494927850571,22.30179856040877,demba,cd,217389
50.03218792345035,-74.70002066683377,chapais,ca,5919850
53.74330181029342,13.293817525118783,neubrandenburg,de,2866135
59.19922593242637,29.034335668920647,kingisepp,ru,548602
-24.23607027415609,171.29899424691445,vao,nc,2137773
46.63389489374967,-108.21460213749093,billings,us,5640350
53.87792305049439,142.2793429280615,okha,ru,2122614
55.86195669084486,-102.1211728149435,flin flon,ca,5954719
-35.48247222157496,37.63775424005806,port shepstone,za,964406
3.3094995991824447,-72.98452087466444,puerto rico,co,3671346
64.36986145101682,113.90110919210514,mirnyy,ru,526346
43.34797463667428,-84.18002016529839,saginaw,us,4724642
-18.53632711680561,-35.424836561170395,caravelas,br,3466980
-3.5422528205060075,-48.08089901428346,paragominas,br,3393106
-5.3163960930806695,112.84860125741835,paciran,id,1633442
27.1607471588689,95.7588723408436,margherita,in,1263532
-21.124534538257763,26.705632168565813,mosetse,bw,933277
-3.3101907055267787,-69.49060118094415,sao paulo de olivenca,br,3662252
41.81905278928991,-85.73846492342561,goshen,us,5353181
34.8032459107836,108.50007365845102,tongchuan,cn,1795196
-12.226673676826664,42.072123149806,moroni,km,921772
42.93900813579904,143.52387277509786,obihiro,jp,2128815
30.706178887078607,-136.01555078801442,half moon bay,us,5354943
43.655110532091186,30.139568564592565,sfantu gheorghe,ro,667306
61.223195427181935,144.26627508394955,okhotsk,ru,2122605
37.903065193191736,137.98411945973277,ryotsu,jp,1853371
25.716340450459683,-75.48071402795888,rock sound,bs,3571592
-2.364613698907249,107.56262625740169,manggar,id,1636426
16.0736954535095,81.18542217489767,machilipatnam,in,1264637
21.31662531999268,116.0864145635818,jieshi,cn,1805857
-0.6838841179420285,122.43314403180466,luwuk,id,1637001
70.11385020709133,-9.233799318046437,vestmanna,fo,2610343
47.618294479421166,-90.1949537279024,thunder bay,ca,6166142
-7.313042892245463,-86.57399249219716,paita,pe,3694112
56.07418287267862,28.29985986024178,sebezh,ru,498001
52.078610867288404,57.73270106100469,zilair,ru,462626
-20.605107466026467,-41.92611942828043,espera feliz,br,3463993
6.610056192402766,-71.58968884706437,tame,co,3667478
38.43706759112766,139.39606605072692,murakami,jp,1856434
30.318421204961254,-14.695356132786856,teguise,es,6360194
-28.49797835874194,119.25353689639172,northam,au,7839624
-16.35272169782091,167.92871758009983,lakatoro,vu,2136697
69.63488493998778,18.431353115769866,tromso,no,3133895
-25.12334414922458,-74.2930684753959,taltal,cl,3870243
-46.28309046818905,-66.66475250286622,comodoro rivadavia,ar,3860443
65.8102013206088,70.52374109640468,yar-sale,ru,1486321
-33.8750224388938,-55.9437819876708,florida,uy,3442585
23.127475126657387,78.30218438945235,udaipura,in,1253984
31.519583973807087,-75.82706208864678,wilmington,us,4145381
47.98074405591274,17.227790192177054,rajka,hu,3045991
52.38935222205055,74.49864354207523,ekibastuz,kz,1524325
-11.041654732011011,125.49160065563598,soe,id,1626703
43.24027575744449,-82.81837598565808,marysville,us,5001084
62.79841375584894,23.514317856074456,lapua,fi,648856
39.40382720251523,-95.99528244889262,topeka,us,4280539
-12.439546367173506,133.7080923148796,maningrida,au,2067089
35.35178247983225,103.36569506720105,linxia,cn,1803331
13.402416444527375,112.1405328340499,tuy hoa,vn,1563281
45.66983136891059,-63.435772942041766,truro,ca,6169587
16.54209642342265,-80.56415652507839,bodden town,ky,3580733
86.84932539128647,33.015649188470604,berlevag,no,780687
-4.6497370970591305,106.66168589567894,teluknaga,id,1990589
55.30629078705769,-22.12516254207887,vestmannaeyjar,is,3412093
41.076612590254854,10.85762390944629,siniscola,it,6539876
-45.08938752480121,173.11084314523094,southbridge,nz,2182525
22.32470848314054,79.14248984263332,amarwara,in,1278889
-46.59041208002497,-43.75413746833158,rocha,uy,3440777
44.57284192220811,-82.339915989822,kincardine,ca,5992144
15.13367173953533,27.530164017243493,umm kaddadah,sd,364933
14.651843585841561,11.986756581780583,maine-soroa,ne,2441447
48.788101052743,-82.99293350112406,kapuskasing,ca,5989403
42.34549323779319,-111.17603491832423,preston,us,5061036
46.294265034036755,-82.72563993737548,elliot lake,ca,5947866
-8.307157406889687,40.657572657917655,kilindoni,tz,157429
-10.47746679177655,-52.70385505850567,alta floresta,br,6323793
34.17515610459934,18.424407878651436,benghazi,ly,88319
62.61459325266725,152.05327241444382,seymchan,ru,2121373
